studentID,credentialnum,start_date,completion_date,name,credential_status,GPA
1,1,2021-01-10,,Credential Name 1,A,3.58
2,2,2021-01-10,2023-01-15,Credential Name 2,G,2.05
3,3,2020-09-01,,Credential Name 3,A,2.51
3,4,2020-09-01,,Credential Name 4,A,3.48
3812,37,2022-01-02,,Politician's assistant,G,2.45
1785,24,2020-08-04,2024-12-24,Adult guidance worker,G,2.21
228,25,2022-08-24,,Fast food restaurant manager,G,3.42
2567,16,2022-03-23,,"Education officer, museum",E,3.24
4741,16,2023-04-06,2024-04-18,Chiropodist,A,2.05
4895,17,2021-09-12,,Control and instrumentation engineer,A,2.33
3509,29,2021-07-19,2023-12-28,"Development worker, community",E,3.17
932,1,2022-08-04,2025-02-20,Location manager,G,2.53
2444,40,2024-01-26,2025-04-02,"Designer, furniture",G,3.9
4622,8,2021-12-11,,Musician,G,2.29
4669,22,2023-01-06,,"Surveyor, minerals",E,2.8
4625,2,2022-05-10,,Engineering geologist,G,3.95
1945,21,2022-08-07,,Astronomer,E,2.03
4409,11,2022-04-27,2023-08-25,Metallurgist,E,2.6
3152,3,2022-05-25,2025-02-07,Best boy,A,2.21
1399,5,2020-09-21,2024-11-23,Legal executive,A,3.68
4391,19,2021-07-17,,Civil Service administrator,E,2.54
996,18,2022-11-30,2024-02-03,Press sub,G,2.66
775,39,2023-10-28,,Economist,E,2.64
4404,14,2023-07-05,,"Presenter, broadcasting",A,2.84
3026,5,2021-01-14,2024-03-10,Higher education lecturer,A,2.46
782,20,2023-03-18,2024-12-11,Research scientist (life sciences),E,3.93
4465,21,2021-02-22,,Biomedical scientist,G,3.1
4978,35,2023-02-20,,Maintenance engineer,E,3.9
873,31,2023-04-16,2024-04-04,Firefighter,E,3.87
4838,24,2023-10-16,2024-10-10,Neurosurgeon,E,2.7
602,1,2021-06-08,2021-12-16,Chemical engineer,E,2.34
776,20,2022-03-13,,Phytotherapist,A,2.12
588,24,2023-01-10,,Educational psychologist,E,2.4
1735,16,2023-02-18,2024-03-02,Biomedical scientist,A,3.97
982,31,2021-03-17,2023-12-04,"Administrator, local government",E,3.31
2453,26,2022-02-27,,"Lecturer, further education",A,2.9
4689,37,2023-08-03,,"Engineer, broadcasting (operations)",G,3.64
2242,5,2022-02-27,,Music therapist,E,2.03
4997,16,2021-07-29,2023-10-13,Advice worker,G,2.07
4412,30,2021-12-31,,"Nurse, mental health",A,2.83
2161,3,2023-04-30,2024-07-24,Interpreter,E,2.87
2141,30,2023-04-07,2024-04-22,"Programmer, systems",E,3.12
892,9,2020-07-04,2021-09-26,"Research officer, political party",G,2.36
3606,23,2022-11-10,,Television/film/video producer,G,3.69
2078,8,2021-06-23,,Public relations officer,A,2.11
1448,23,2020-10-25,,"Therapist, occupational",G,3.78
38,37,2024-03-11,2025-02-13,Quantity surveyor,A,3.37
3740,9,2021-09-14,,Radio producer,G,2.1
4300,5,2021-02-01,,"Pilot, airline",G,2.67
4553,4,2020-10-15,2025-01-31,Occupational psychologist,A,3.36
689,15,2021-10-22,,Arts development officer,E,2.31
3209,25,2022-02-01,2022-06-13,Trading standards officer,G,2.53
552,37,2021-09-09,2025-01-22,Podiatrist,E,2.89
2561,23,2022-06-02,2024-10-17,Dealer,A,3.88
3185,31,2022-11-19,,Field seismologist,G,2.56
3787,19,2021-12-24,,Drilling engineer,G,2.2
4938,26,2023-10-11,,"Loss adjuster, chartered",A,3.4
4142,8,2022-03-29,2023-11-07,Trading standards officer,G,3.54
3643,18,2022-01-06,,"Social research officer, government",E,2.08
679,5,2020-12-20,,"Scientist, water quality",A,2.82
2708,38,2023-05-08,,Chartered certified accountant,A,2.38
1190,29,2022-02-01,2022-05-10,Management consultant,G,3.55
2221,18,2022-09-12,,Patent examiner,A,2.04
2740,26,2020-08-19,,Automotive engineer,E,3.57
632,16,2022-05-23,2025-01-30,"Engineer, manufacturing systems",E,3.77
4422,14,2021-04-05,2023-11-15,Museum education officer,G,3.04
172,36,2024-01-27,2024-02-17,Jewellery designer,A,2.69
965,22,2023-12-25,,"Administrator, arts",G,3.13
1823,33,2023-06-13,,Special educational needs teacher,E,2.14
1018,36,2021-02-26,2021-09-20,English as a foreign language teacher,E,3.65
700,40,2023-04-17,,Community arts worker,E,2.31
4576,11,2022-04-26,,Illustrator,E,2.79
2818,7,2021-09-03,2024-07-05,"Psychologist, counselling",E,3.24
3809,34,2023-01-03,,"Engineer, building services",E,2.81
3753,30,2023-11-09,2024-07-26,Occupational therapist,G,3.86
3460,17,2020-09-28,,Patent examiner,G,2.66
2785,40,2021-05-19,2024-10-28,Bookseller,A,3.06
3576,11,2022-07-09,2024-05-22,Armed forces technical officer,E,3.25
3940,28,2023-09-09,,Health service manager,G,2.93
1726,26,2022-02-23,2023-07-12,Educational psychologist,A,2.03
3177,12,2020-09-11,,Structural engineer,G,3.68
2924,25,2021-05-21,,Bonds trader,G,2.76
2679,7,2021-08-04,,Building services engineer,A,3.06
3615,26,2022-02-28,,Event organiser,A,3.43
4736,6,2024-01-31,,Social researcher,A,2.87
3205,12,2023-09-11,,Retail manager,G,3.12
532,36,2022-11-08,2023-08-26,"Administrator, local government",A,3.08
4878,39,2023-04-19,,Advertising account planner,E,3.5
2244,37,2020-06-19,,"Administrator, Civil Service",E,2.84
2334,19,2020-07-15,,"Production assistant, television",E,3.76
1708,26,2023-06-28,2024-03-10,English as a second language teacher,A,3.02
254,7,2020-11-03,2023-07-05,Learning disability nurse,A,3.79
737,37,2023-04-18,2025-01-13,Advertising account executive,E,3.89
934,39,2021-01-05,,"Civil engineer, consulting",G,3.58
183,40,2020-07-01,,"Nurse, mental health",A,2.88
3881,10,2022-06-18,2024-11-27,Camera operator,A,2.41
40,32,2020-05-10,,Translator,E,3.52
1565,1,2023-01-13,,Interpreter,A,3.93
1679,31,2020-08-14,2021-08-14,Chief Executive Officer,A,2.78
282,12,2022-09-10,,"Therapist, drama",A,3.45
3532,8,2023-05-01,2023-05-25,"Scientist, research (life sciences)",A,3.13
3249,35,2024-02-17,2024-03-31,Commercial art gallery manager,A,2.14
3683,11,2024-03-08,,Dance movement psychotherapist,E,3.58
2512,5,2022-11-12,,Magazine features editor,A,2.3
4666,36,2023-10-17,2024-05-10,Television floor manager,A,3.66
1951,27,2022-03-06,2025-02-23,Cytogeneticist,E,2.6
3392,37,2024-03-10,2024-05-22,"Surveyor, planning and development",A,3.89
3142,10,2022-08-01,,Solicitor,G,2.59
1050,33,2022-01-15,,Probation officer,A,3.36
3293,11,2024-04-08,2024-10-26,"Designer, furniture",A,2.04
388,2,2022-04-27,2024-11-24,Event organiser,A,2.78
612,9,2021-10-25,2024-07-27,Associate Professor,A,3.83
749,16,2020-11-16,,"Editor, film/video",G,3.18
4820,13,2023-01-29,2024-04-30,Land/geomatics surveyor,A,2.42
1302,28,2021-05-14,,Planning and development surveyor,G,3.71
2153,18,2022-10-18,2024-03-20,"Psychologist, occupational",E,2.29
67,9,2024-01-26,,Oceanographer,G,3.9
3285,16,2022-10-31,2023-12-17,Higher education lecturer,G,4.0
4501,28,2022-04-22,2023-07-24,Magazine features editor,E,2.26
4705,39,2022-12-28,2024-06-04,Retail manager,E,3.24
2701,39,2023-11-19,,Community pharmacist,G,2.51
2404,5,2023-08-27,,Community arts worker,E,2.57
2158,38,2021-04-12,,Web designer,E,3.63
1799,39,2023-06-29,,Dramatherapist,A,2.0
259,24,2023-03-05,2024-10-09,Civil Service administrator,E,2.72
528,21,2021-11-12,2024-09-27,Analytical chemist,E,3.66
597,22,2021-01-21,2024-02-15,Product manager,G,3.62
476,22,2024-01-14,2024-07-31,Horticultural therapist,E,2.89
1230,4,2020-10-21,2021-11-22,Diagnostic radiographer,A,3.64
3532,12,2021-05-28,,Museum/gallery exhibitions officer,A,2.16
932,10,2021-08-23,2025-03-12,"Optician, dispensing",A,3.02
2939,38,2023-06-20,2024-09-27,Air broker,A,3.77
1594,34,2021-05-07,2023-12-12,Management consultant,E,2.09
2200,31,2021-05-05,,"Surveyor, planning and development",A,2.56
2888,37,2022-08-10,,Land,A,3.44
3738,27,2023-08-15,,Diagnostic radiographer,G,3.64
1,23,2023-03-29,2023-08-08,Prison officer,G,3.29
337,34,2021-09-10,2025-02-01,Theme park manager,E,2.34
1558,13,2022-10-22,2023-09-08,Network engineer,E,3.83
4470,14,2020-05-02,2023-01-07,Rural practice surveyor,G,2.05
2901,29,2022-01-02,,Call centre manager,G,3.28
1562,19,2022-10-23,2023-07-09,Merchant navy officer,A,2.11
139,7,2023-11-04,,Records manager,E,3.13
3709,8,2020-05-26,,Aeronautical engineer,E,2.52
71,40,2023-02-05,,Insurance risk surveyor,E,3.21
4756,19,2023-04-18,2023-12-26,Geophysical data processor,E,3.25
2674,20,2023-08-12,,Forensic psychologist,G,2.67
1460,14,2022-01-22,,Records manager,G,2.43
1222,26,2020-12-24,,Field trials officer,E,2.71
2795,8,2021-08-13,,Civil Service fast streamer,E,3.58
541,10,2022-03-04,2022-08-15,"Pharmacist, community",E,2.36
2983,39,2024-02-06,,"Engineer, energy",A,3.29
4844,4,2022-04-20,2022-04-25,TEFL teacher,A,3.0
1731,35,2021-09-06,2023-01-14,Insurance account manager,E,2.99
3847,24,2022-01-19,2024-12-07,"Engineer, manufacturing",A,3.86
1417,35,2021-03-07,,Tree surgeon,G,3.74
4625,5,2020-06-27,2021-12-18,"Engineer, drilling",E,3.56
4015,1,2022-08-28,,Health service manager,E,2.11
3403,25,2022-08-02,,"Engineer, broadcasting (operations)",A,3.02
2135,8,2021-02-24,,Communications engineer,A,3.09
1344,18,2022-09-09,,Systems developer,A,2.36
3817,28,2024-03-07,,Special educational needs teacher,A,2.33
2406,27,2023-11-18,2023-12-01,"Psychologist, forensic",G,3.97
3906,21,2022-10-10,,Claims inspector/assessor,E,2.95
4213,30,2023-10-11,2024-11-21,"Geneticist, molecular",G,3.19
2696,3,2022-08-14,,"Psychologist, prison and probation services",G,3.33
4234,38,2020-10-15,2024-03-04,Personal assistant,A,2.82
4447,32,2023-02-17,,Government social research officer,A,3.72
410,19,2021-02-23,2021-03-16,Hydrologist,E,3.26
2256,1,2021-09-18,,"Therapist, music",G,3.95
4365,36,2021-08-01,2021-09-26,Radiation protection practitioner,E,3.33
975,17,2022-10-03,2025-03-05,"Psychologist, educational",A,2.99
4425,39,2021-02-24,,"Secretary, company",G,2.93
4158,38,2022-11-25,2023-10-08,Records manager,E,3.1
2649,7,2023-07-28,,Illustrator,E,2.79
3404,29,2023-09-13,2023-10-07,"Journalist, broadcasting",G,2.74
2364,3,2021-10-17,2022-06-23,"Designer, graphic",A,3.31
1001,19,2023-03-08,2023-12-01,"Programmer, applications",A,3.39
1969,37,2024-01-10,,"Engineer, energy",A,2.83
2277,3,2021-10-12,2023-08-17,"Engineer, building services",E,2.3
4316,25,2021-12-03,2023-02-25,"Copywriter, advertising",E,2.62
2567,35,2022-11-13,2023-08-26,Camera operator,A,3.52
4056,19,2023-06-10,2023-06-11,Multimedia programmer,G,2.06
888,36,2023-03-31,2024-05-15,Architect,G,2.11
2837,2,2022-09-30,,Public relations account executive,G,2.69
4913,24,2020-12-23,2022-08-13,"Lecturer, further education",A,3.0
3334,26,2022-06-04,,Television floor manager,A,2.17
3582,32,2020-09-15,2022-01-14,Horticultural therapist,G,3.48
1409,39,2020-12-09,,Musician,E,2.37
59,30,2022-12-26,2023-12-23,Warden/ranger,E,2.56
1717,7,2020-12-06,2023-04-10,Manufacturing engineer,G,2.86
3917,24,2022-01-18,2024-08-07,Environmental health practitioner,G,3.23
148,4,2021-06-16,,"Conservation officer, historic buildings",G,3.3
4668,28,2021-12-17,,"Engineer, technical sales",E,3.74
4777,36,2023-04-25,2024-08-21,"Surveyor, rural practice",A,3.6
99,8,2020-07-31,,Claims inspector/assessor,G,2.41
2229,3,2022-06-15,2024-02-07,Health visitor,G,3.11
3816,28,2022-09-04,2022-09-19,Engineering geologist,G,2.32
2149,17,2022-04-27,,Tree surgeon,E,3.68
2217,3,2023-05-31,,Copy,G,3.2
4356,36,2021-10-12,2021-11-24,Midwife,E,3.28
3538,15,2020-05-22,2020-11-21,Tree surgeon,A,2.35
168,40,2021-01-23,2023-12-01,Nutritional therapist,A,2.99
4367,31,2021-09-18,2025-02-24,Secondary school teacher,G,2.84
4075,30,2020-11-12,2024-08-22,Travel agency manager,E,2.22
1167,20,2022-08-13,,Information officer,G,2.12
782,16,2020-10-03,2024-10-13,Pension scheme manager,E,3.11
4706,29,2021-12-23,2023-10-27,Air broker,G,2.7
4709,5,2023-05-24,,Theatre director,A,3.2
4574,26,2023-02-13,,"Doctor, general practice",E,2.74
3246,11,2023-11-06,2025-01-26,"Surveyor, land/geomatics",E,3.81
3438,15,2021-01-16,2022-10-29,Music therapist,G,3.86
4489,38,2021-02-01,,Immigration officer,G,3.04
2377,36,2022-09-07,2023-06-21,"Programmer, applications",G,3.38
4519,35,2022-04-11,2024-06-14,Lobbyist,G,3.85
4142,10,2022-02-23,,Clinical research associate,E,2.95
1047,17,2022-11-03,2024-07-21,Television production assistant,A,3.83
3222,15,2020-10-13,2022-10-31,Operational investment banker,G,3.64
2953,28,2020-05-10,,Production engineer,G,2.63
2969,32,2020-08-01,2022-12-26,International aid/development worker,G,2.29
4097,1,2022-08-20,2025-01-26,Primary school teacher,G,2.14
3045,22,2023-06-20,,Insurance account manager,G,3.78
4507,30,2021-07-04,,Television production assistant,E,3.45
2408,38,2022-05-17,2024-03-25,Animal nutritionist,A,3.62
2513,29,2023-02-11,2023-04-27,Tax adviser,E,2.93
981,28,2021-02-24,,Furniture designer,E,3.26
3184,15,2021-05-25,2023-04-22,Equality and diversity officer,G,2.24
3718,15,2022-12-21,2023-02-21,Artist,G,3.82
3337,40,2023-08-16,,Training and development officer,E,3.78
2638,20,2023-12-01,2024-09-03,Civil Service administrator,E,2.44
2545,4,2021-09-13,,Garment/textile technologist,E,2.78
2850,28,2024-01-04,2024-02-17,Pathologist,G,2.57
1842,20,2021-05-03,,Chief Marketing Officer,G,3.17
4733,5,2021-09-24,,Passenger transport manager,G,2.75
979,15,2023-02-11,2024-11-16,Bonds trader,A,2.48
4602,2,2023-01-31,2023-06-24,Equities trader,E,2.45
1458,23,2021-08-23,2025-01-29,Psychiatrist,A,3.72
2843,32,2021-06-05,2022-01-24,"Production assistant, radio",G,3.63
638,1,2021-11-22,2022-06-14,Architect,E,3.39
4980,13,2022-02-27,,Financial trader,A,3.72
4602,24,2022-10-24,2025-02-26,Chiropodist,A,2.21
1973,9,2021-02-25,,Recruitment consultant,G,3.47
759,3,2022-01-12,2024-05-21,Magazine journalist,A,3.95
1666,14,2023-04-03,2024-07-21,Textile designer,G,3.39
4170,20,2023-01-06,2023-11-12,"Designer, blown glass/stained glass",A,2.66
4669,5,2021-04-06,2024-04-28,Town planner,A,2.59
2648,33,2024-01-12,2024-04-02,Best boy,G,3.84
4972,18,2021-10-08,2023-06-21,Television production assistant,A,2.64
223,29,2022-02-18,2024-10-20,Chartered accountant,A,2.44
4425,15,2024-04-03,2024-12-29,Chartered management accountant,A,3.58
4768,26,2022-01-14,,Psychiatrist,A,3.04
3145,6,2021-07-11,,Chief Marketing Officer,E,3.17
4703,19,2022-09-15,2024-04-21,Health and safety adviser,A,2.55
4219,39,2022-03-18,2023-04-25,Chartered certified accountant,E,2.14
889,3,2022-04-29,2023-01-30,Art gallery manager,A,2.14
13,29,2022-08-27,2023-08-12,"Designer, textile",A,2.39
4862,4,2022-06-03,2024-01-13,Psychiatrist,E,2.44
4884,12,2021-04-04,,Rural practice surveyor,E,2.55
2735,10,2021-07-18,,Fine artist,G,3.63
429,7,2022-02-24,2024-02-13,Water quality scientist,A,3.26
3066,24,2022-10-05,,"Engineer, site",G,2.81
4816,5,2021-06-15,2021-10-04,Civil Service fast streamer,A,3.25
4931,1,2022-12-16,,"Horticulturist, amenity",A,2.15
894,20,2021-05-18,2025-01-23,"Nurse, children's",A,2.21
1141,29,2021-02-21,,Financial trader,G,3.72
1938,14,2022-06-22,2022-11-19,"Psychotherapist, child",A,2.4
862,1,2022-03-01,,"Engineer, aeronautical",A,3.06
3580,3,2020-06-18,,"Engineer, control and instrumentation",G,3.47
2187,16,2022-12-17,,"Education officer, environmental",E,3.65
1473,15,2021-07-23,,Neurosurgeon,A,2.75
1447,24,2020-06-15,2025-01-10,"Civil engineer, contracting",E,2.2
4744,28,2020-05-25,,"Research officer, trade union",A,2.86
697,8,2021-01-09,2023-08-25,Museum education officer,A,2.83
2963,25,2021-10-01,2024-01-15,Risk manager,A,2.99
616,20,2022-02-03,2023-10-11,Politician's assistant,E,3.41
1617,28,2022-08-19,,Database administrator,A,3.72
1860,5,2020-07-09,2024-01-23,"Programmer, systems",A,2.6
4582,7,2021-03-05,2021-12-30,Archivist,A,2.4
2087,8,2023-03-06,,Architectural technologist,E,3.75
786,2,2024-01-21,,"Engineer, civil (contracting)",G,3.62
1614,26,2023-11-02,,Electrical engineer,E,3.69
1145,19,2021-02-14,,Quality manager,E,3.35
3636,35,2021-03-14,2023-05-15,Scientific laboratory technician,A,2.95
3688,25,2023-08-29,,"Engineer, drilling",E,2.01
2812,37,2024-03-27,,Facilities manager,E,2.79
35,28,2021-04-01,,"Engineer, water",E,2.01
4641,37,2023-04-18,,"Engineer, water",A,2.39
4894,9,2020-11-23,,Location manager,E,2.11
4201,28,2023-12-21,2024-09-10,"Nurse, mental health",A,2.77
4167,2,2020-08-24,2023-01-25,Theatre manager,G,3.7
2062,7,2023-01-05,2024-03-06,"Conservator, furniture",G,3.67
2000,21,2023-07-26,,Physiotherapist,A,2.54
666,26,2021-01-24,,Occupational hygienist,A,2.78
1822,32,2022-11-14,,"Optician, dispensing",G,2.56
793,14,2022-01-11,2024-12-06,"Designer, exhibition/display",A,2.41
2792,11,2023-08-30,,Hospital pharmacist,G,3.51
1635,12,2022-08-27,,"Solicitor, Scotland",E,2.93
4435,34,2022-02-11,2022-11-02,Clothing/textile technologist,A,3.09
4377,40,2023-07-13,,Licensed conveyancer,A,3.64
1685,13,2022-07-19,,"Optician, dispensing",A,3.19
109,4,2021-11-03,,Press sub,A,3.78
3827,21,2021-02-07,,Broadcast engineer,A,2.47
3090,20,2020-12-14,,"Horticulturist, amenity",A,3.53
1641,26,2023-11-18,,Land,A,3.42
4290,17,2021-10-24,2022-08-23,Veterinary surgeon,G,2.96
4211,37,2022-03-18,2023-05-05,Armed forces operational officer,E,3.45
2699,20,2021-02-25,,Therapeutic radiographer,A,3.73
3328,6,2023-02-25,,Television/film/video producer,A,2.81
1350,25,2022-02-24,,Arts administrator,E,2.3
2406,35,2022-03-30,,"Therapist, nutritional",A,3.12
4536,20,2022-07-28,,Health and safety inspector,G,2.99
2728,12,2022-09-08,,Leisure centre manager,E,2.82
3085,37,2021-03-07,,Building services engineer,A,2.19
827,13,2021-08-04,2024-12-31,"Engineer, broadcasting (operations)",G,3.13
1431,35,2020-07-06,2024-01-03,Building control surveyor,E,2.55
2522,16,2021-12-11,,Ergonomist,A,3.32
2084,26,2022-04-17,2022-11-29,"Therapist, horticultural",A,2.08
4301,5,2023-09-11,2024-01-28,Psychotherapist,G,2.44
1251,1,2022-11-07,,Visual merchandiser,E,3.19
4900,18,2020-06-10,2024-08-27,"Therapist, sports",A,3.12
704,35,2023-03-24,,Land/geomatics surveyor,G,2.98
3661,20,2022-11-22,2024-10-04,Furniture designer,E,3.75
2171,15,2021-10-06,,"Producer, radio",G,3.15
1426,20,2022-05-03,2022-06-19,"Engineer, technical sales",A,3.68
4682,9,2022-01-14,,Ergonomist,A,2.33
1450,11,2023-03-19,,Occupational psychologist,G,3.48
4025,39,2021-06-29,,Sub,A,3.79
459,40,2021-07-02,2021-07-11,Educational psychologist,G,3.74
3466,18,2024-03-29,2024-09-29,Exercise physiologist,E,2.31
2404,27,2024-02-17,,Purchasing manager,E,3.89
1393,11,2022-04-07,2023-11-06,Automotive engineer,A,3.1
2250,35,2021-04-01,,Ship broker,E,2.81
4546,33,2020-05-03,,Radio broadcast assistant,G,3.01
4903,40,2022-04-05,,Regulatory affairs officer,E,2.4
3127,34,2020-10-04,2022-04-21,Heritage manager,E,3.81
4639,11,2022-03-26,,Mudlogger,E,2.01
3458,23,2020-06-12,,Exercise physiologist,G,2.94
3169,16,2022-12-12,2024-01-21,Database administrator,A,3.54
4450,16,2020-05-07,2020-07-12,"Geneticist, molecular",G,2.85
3034,13,2021-02-10,,Information systems manager,E,3.53
666,11,2020-08-21,2021-04-30,Insurance claims handler,G,3.34
1213,3,2021-11-05,2024-01-21,Aid worker,E,2.43
3436,8,2022-02-20,2024-11-19,"Administrator, arts",A,3.74
3880,32,2022-03-13,2023-04-16,"Psychologist, occupational",E,3.33
2638,19,2020-09-19,,Media planner,A,2.61
2322,7,2020-04-30,,Electronics engineer,A,2.17
263,1,2023-10-13,2024-11-13,Dramatherapist,G,3.56
407,28,2022-03-13,,Musician,A,2.55
1640,31,2022-11-12,,"Research officer, government",G,2.26
4309,23,2021-10-05,,"Biochemist, clinical",E,3.31
160,36,2022-10-01,2024-10-16,Cartographer,A,3.28
190,38,2022-03-19,2024-01-07,Database administrator,G,2.91
1041,12,2020-08-15,2022-02-24,Art therapist,G,2.63
3997,38,2023-09-15,2024-02-12,Veterinary surgeon,A,3.07
2342,6,2022-05-24,2024-09-19,"Lecturer, further education",A,3.66
1404,7,2022-07-30,,Advice worker,A,2.76
412,23,2022-09-02,,"Engineer, electrical",G,2.09
1892,21,2021-04-14,2021-04-21,Biomedical scientist,G,3.95
1383,20,2021-07-26,,Chief of Staff,E,3.03
3684,14,2022-04-29,,"Engineer, technical sales",A,2.73
62,10,2022-11-21,2023-01-14,"Scientist, research (maths)",A,3.06
1210,12,2024-02-06,2024-12-27,Film/video editor,E,3.49
3613,34,2021-05-27,2021-09-30,"Surveyor, quantity",E,2.56
1576,12,2022-01-27,,Archaeologist,E,2.17
1312,8,2021-08-09,,"Designer, interior/spatial",A,2.46
1346,11,2023-03-03,,"Surveyor, mining",A,2.24
1007,23,2021-08-28,,Forensic psychologist,G,2.27
4561,6,2022-08-30,2023-08-07,"Journalist, broadcasting",E,2.05
2318,12,2020-06-19,,Theme park manager,A,3.36
3666,14,2024-01-23,,Print production planner,A,2.03
629,8,2021-04-08,2023-10-31,"Editor, film/video",E,2.07
95,38,2020-12-03,2024-05-27,Armed forces training and education officer,E,2.42
4886,10,2022-10-17,2023-01-02,"Scientist, research (life sciences)",A,3.99
380,1,2020-06-22,,Building control surveyor,A,2.44
2010,40,2021-03-13,,"Social research officer, government",E,2.01
2819,37,2021-04-04,2023-03-04,"Designer, blown glass/stained glass",A,3.64
645,38,2020-05-04,2022-11-13,Exhibition designer,G,2.83
4065,36,2022-04-12,2024-10-05,International aid/development worker,E,3.4
2655,15,2023-10-16,2023-11-14,"Engineer, petroleum",E,3.65
1932,23,2020-08-23,2024-03-08,Field seismologist,E,3.59
321,33,2020-10-24,,Corporate investment banker,G,2.34
2526,15,2022-12-09,2024-02-20,Contractor,E,2.6
2210,2,2023-10-18,2023-10-27,Sports therapist,G,3.15
3265,26,2023-03-11,2024-12-23,Tree surgeon,G,2.79
294,7,2020-10-13,2022-11-02,"Designer, interior/spatial",A,2.2
3226,9,2020-05-10,,Photographer,A,2.44
1252,37,2022-09-18,,"Designer, jewellery",G,3.08
314,19,2023-04-01,2025-01-31,Herbalist,A,2.75
3509,3,2021-03-27,2024-08-10,Higher education lecturer,G,2.45
1323,27,2023-10-24,,Tourist information centre manager,A,2.98
3753,3,2023-04-30,2023-12-20,Financial controller,E,2.82
3209,3,2021-08-09,2024-08-19,Manufacturing engineer,E,3.48
4571,7,2023-03-14,,Hydrographic surveyor,E,2.07
2654,15,2021-09-16,,Commercial/residential surveyor,A,2.54
247,22,2023-11-12,2024-04-22,Museum/gallery exhibitions officer,G,3.57
911,29,2022-09-04,,Chief Operating Officer,G,2.58
2557,7,2022-01-09,,"Development worker, community",G,2.97
4064,2,2021-01-27,,Press photographer,G,2.77
226,14,2022-01-10,2023-08-20,Neurosurgeon,A,2.61
696,6,2021-05-18,2024-11-21,Claims inspector/assessor,A,3.39
810,15,2022-10-18,2022-10-24,Web designer,A,3.89
2234,26,2022-09-02,2023-09-26,Youth worker,A,2.54
2203,40,2022-09-02,2023-01-12,Barista,G,2.39
741,20,2023-09-05,2024-12-03,Clinical cytogeneticist,G,2.48
2965,6,2023-06-17,,Insurance account manager,E,2.9
3597,18,2020-08-14,,Production engineer,E,2.48
1683,40,2020-07-27,2022-01-08,Educational psychologist,A,3.06
1904,2,2020-11-02,2023-06-15,Clothing/textile technologist,E,2.67
243,10,2021-04-21,2021-08-15,Optometrist,A,3.54
2415,4,2022-03-27,2023-08-12,Marine scientist,E,2.2
4113,12,2022-12-12,,Mental health nurse,G,3.73
4281,6,2021-06-06,,Economist,E,3.84
3567,17,2021-01-28,2024-06-10,Counsellor,G,2.79
2266,8,2022-12-23,2023-11-19,Pharmacologist,A,3.83
1865,24,2022-12-09,2024-05-21,Hotel manager,G,3.59
226,15,2023-11-27,2024-08-20,"Editor, commissioning",A,2.49
2409,15,2023-06-13,2025-02-27,"Journalist, broadcasting",G,2.29
2848,23,2021-04-13,2022-06-29,Volunteer coordinator,G,2.21
3849,21,2023-05-22,,Jewellery designer,A,2.68
4529,33,2020-06-21,,"Radiographer, therapeutic",E,3.04
2416,4,2022-04-24,,Medical sales representative,E,3.86
124,26,2020-07-21,,Heritage manager,G,3.27
1393,37,2024-03-28,,"Engineer, structural",A,3.04
1591,9,2022-04-08,,Advertising account planner,G,3.34
4360,28,2023-04-22,,Research scientist (medical),A,3.47
4031,40,2022-08-26,,Personnel officer,E,2.67
2700,9,2024-02-04,2025-02-17,Training and development officer,E,2.22
2174,34,2021-08-27,2025-01-04,Meteorologist,E,2.65
1016,16,2020-09-04,2023-11-18,Historic buildings inspector/conservation officer,A,2.46
3400,13,2022-04-06,,"Merchandiser, retail",E,2.93
3164,2,2023-04-20,,Information systems manager,G,2.06
2691,31,2023-08-04,2024-10-06,Research scientist (life sciences),E,3.9
1121,16,2021-07-29,,"Teacher, music",A,3.84
2147,26,2020-12-30,2022-01-07,Financial planner,A,2.91
1521,6,2020-10-17,,Manufacturing systems engineer,A,2.71
3073,7,2024-01-04,,Media planner,E,2.57
3995,22,2021-06-01,2023-12-03,Financial adviser,E,2.31
681,19,2020-08-03,,Building surveyor,G,2.29
4425,37,2020-11-11,,Barista,A,2.23
1461,28,2022-03-21,,Records manager,E,2.92
3919,13,2021-09-07,,Meteorologist,G,3.84
2456,25,2022-06-04,,"Civil engineer, consulting",G,3.06
2575,35,2022-04-30,,Trade union research officer,G,2.22
3171,8,2024-02-28,2024-10-31,Geochemist,E,3.02
1575,32,2023-09-08,2024-01-02,"Scientist, biomedical",E,2.76
2,28,2020-07-25,2024-05-08,Administrator,A,3.33
1261,25,2022-09-12,2023-12-07,Set designer,G,3.19
558,8,2021-11-07,2024-03-24,Ophthalmologist,A,2.84
1497,8,2020-11-09,2022-06-28,Editorial assistant,E,2.49
1291,29,2023-02-14,2023-07-07,Ambulance person,E,3.44
2585,6,2021-11-30,,Medical illustrator,G,3.5
708,12,2021-09-07,,Fine artist,E,3.65
3881,37,2021-10-05,,"Therapist, speech and language",A,2.9
4899,4,2021-12-08,,Physiological scientist,E,2.4
3860,21,2022-05-11,,Artist,A,2.95
333,25,2020-11-22,,Ceramics designer,E,3.5
2996,6,2022-03-06,2023-01-25,Waste management officer,G,2.47
439,2,2022-09-23,2024-09-20,"Pharmacist, community",E,2.61
1882,19,2020-09-29,2023-03-22,Historic buildings inspector/conservation officer,G,2.64
212,21,2022-07-31,2024-12-30,"Accountant, chartered",E,2.86
677,40,2023-02-03,2024-12-17,Historic buildings inspector/conservation officer,G,3.24
1157,34,2021-10-28,,Communications engineer,A,3.29
4716,34,2022-08-24,2025-01-01,Web designer,A,3.22
715,17,2020-07-08,,Technical sales engineer,G,3.38
2893,13,2022-12-01,,Product/process development scientist,E,3.28
4857,33,2022-12-30,2024-06-29,"Horticulturist, amenity",G,3.16
2151,25,2023-09-17,,"Designer, television/film set",A,3.77
23,23,2023-07-18,,Forensic psychologist,G,2.06
2543,27,2023-02-28,2023-10-28,Information officer,G,3.42
3142,20,2022-08-22,,Barrister's clerk,E,2.65
1084,12,2021-12-30,,Television production assistant,A,3.44
4878,11,2022-08-18,2023-08-10,Armed forces operational officer,A,3.2
2467,10,2022-04-25,,Higher education careers adviser,E,2.14
108,21,2021-06-06,,Fisheries officer,A,3.91
2641,30,2022-03-17,,Photographer,A,2.07
2028,9,2020-09-12,,"Designer, jewellery",G,3.17
4856,24,2022-01-27,2022-04-28,Applications developer,G,2.84
3146,11,2020-10-21,,Software engineer,A,2.09
2165,29,2020-10-14,,Armed forces operational officer,G,3.95
3687,19,2021-08-25,2022-07-01,"Pilot, airline",E,3.52
1265,18,2020-12-19,2021-09-17,Restaurant manager,G,2.39
4536,10,2020-12-01,,Investment analyst,G,2.44
2889,29,2022-04-05,2023-04-04,"Administrator, arts",A,2.81
4160,28,2023-02-25,,"Scientist, audiological",A,3.14
4260,29,2022-09-17,2025-04-09,Conference centre manager,A,2.34
211,1,2021-01-21,,Newspaper journalist,G,2.22
4920,9,2024-03-15,2024-08-12,"Presenter, broadcasting",G,3.29
4459,5,2021-08-12,2023-07-11,"Designer, exhibition/display",E,2.48
1050,36,2023-11-06,,Public relations account executive,G,3.79
581,18,2021-05-28,2024-11-10,Dietitian,A,2.34
3021,16,2023-07-13,,Dance movement psychotherapist,E,3.41
2133,9,2020-06-09,,IT consultant,E,2.44
1045,18,2020-10-13,,"Clinical scientist, histocompatibility and immunogenetics",A,3.31
4130,26,2023-06-17,2025-03-28,"Surveyor, rural practice",E,3.4
3669,27,2024-01-23,2024-06-05,"Accountant, chartered",E,2.15
4293,36,2021-07-18,,Associate Professor,E,2.68
291,6,2020-08-19,2022-11-14,Pathologist,G,2.37
1624,2,2023-06-18,,"Lecturer, higher education",E,3.8
3641,22,2021-02-23,2023-10-16,"Clinical scientist, histocompatibility and immunogenetics",E,3.12
1305,31,2021-06-26,,"Psychologist, forensic",A,2.96
1524,37,2021-02-26,,"Geologist, wellsite",G,2.2
1153,16,2024-03-16,,"Psychologist, sport and exercise",A,3.74
1381,2,2021-04-26,,Ecologist,A,3.74
4494,5,2024-02-19,,Accounting technician,G,2.46
1927,22,2023-06-20,2024-04-14,Academic librarian,A,2.7
2771,15,2022-06-01,,Health visitor,A,2.16
4258,15,2024-02-13,2024-02-29,"Pilot, airline",E,3.82
1445,14,2024-03-18,2025-03-21,"Scientist, clinical (histocompatibility and immunogenetics)",E,2.72
314,1,2021-05-15,,Diplomatic Services operational officer,E,3.39
2876,38,2022-07-29,2022-11-04,Software engineer,G,2.78
1158,10,2023-05-26,2024-11-09,Chiropractor,E,2.15
340,1,2022-07-28,,Intelligence analyst,G,3.54
2272,3,2023-05-18,,"Journalist, newspaper",A,3.97
2372,29,2023-08-10,,"Pilot, airline",A,3.99
3656,26,2023-06-23,2023-11-24,"Designer, multimedia",A,2.46
772,35,2020-11-30,,Forest/woodland manager,A,3.5
96,8,2023-10-01,,Financial planner,G,2.69
2449,24,2022-08-12,,Heritage manager,A,2.93
2537,6,2023-07-31,2024-01-28,Secondary school teacher,G,2.81
3080,9,2023-03-11,,Secretary/administrator,A,2.04
4839,13,2022-01-29,,General practice doctor,E,3.13
4532,17,2020-10-15,,"Psychologist, prison and probation services",G,3.33
3278,18,2022-08-19,2023-10-08,"Scientist, marine",A,3.47
4166,37,2021-11-12,2023-07-30,Air broker,G,2.98
1976,7,2020-10-05,2024-02-14,"Exhibitions officer, museum/gallery",G,2.55
3373,9,2020-07-18,2023-04-13,Surgeon,A,3.17
4198,31,2023-04-28,2024-02-03,Trade mark attorney,A,3.64
1743,12,2023-06-13,2024-10-27,Fisheries officer,G,2.1
36,22,2022-09-22,2022-10-05,Scientific laboratory technician,E,2.55
2972,17,2022-07-16,2023-11-15,Housing manager/officer,E,3.53
4767,8,2022-09-01,,Records manager,G,2.59
1631,8,2021-05-15,,Charity officer,G,3.73
3755,38,2022-06-07,2025-03-24,Trade mark attorney,A,2.26
2834,6,2020-05-25,,"Designer, multimedia",E,2.48
1530,14,2024-02-07,2024-10-14,"Surveyor, planning and development",A,2.53
2213,14,2022-07-09,2023-09-10,"Administrator, local government",A,3.24
2500,24,2023-02-11,2024-05-03,Patent attorney,E,3.82
884,4,2021-08-05,,Social worker,G,3.91
21,15,2023-06-19,2024-08-16,"Psychologist, counselling",G,2.56
4900,12,2022-05-05,2024-03-28,Television/film/video producer,G,2.61
2595,33,2024-01-13,,Geochemist,E,3.08
2616,22,2020-05-14,2021-07-24,Bonds trader,E,2.21
3696,38,2022-02-16,,Retail banker,E,3.69
2029,4,2022-07-15,,Financial controller,G,3.94
1373,21,2023-07-18,2025-01-05,"Education officer, museum",E,2.45
4706,35,2023-10-19,2024-03-13,"Development worker, international aid",A,3.16
4866,30,2021-08-30,,Volunteer coordinator,G,2.35
2047,21,2023-03-05,,"Psychologist, prison and probation services",A,3.75
1115,16,2020-08-23,,"Buyer, retail",G,3.19
1445,20,2020-07-17,2021-05-07,"Surveyor, commercial/residential",A,2.24
124,8,2022-04-22,,Quarry manager,A,3.15
4714,11,2020-09-22,2023-07-23,Freight forwarder,A,3.24
2261,39,2022-11-02,2024-09-13,Haematologist,G,3.29
1087,21,2023-09-14,,Licensed conveyancer,A,2.74
2935,33,2020-05-01,2021-01-24,"Geologist, wellsite",E,2.24
57,23,2022-02-06,2023-03-08,Financial controller,E,3.86
654,31,2024-03-15,2024-05-17,Medical secretary,E,2.69
2001,2,2021-10-15,2024-08-29,"Clinical scientist, histocompatibility and immunogenetics",E,2.33
3841,9,2023-10-31,2023-12-22,Interpreter,G,3.9
4335,7,2023-01-31,2023-10-31,Academic librarian,A,2.67
701,15,2023-03-29,2023-08-30,Careers information officer,A,2.02
3467,12,2021-05-27,,Leisure centre manager,E,3.81
3944,31,2021-03-23,,"Conservation officer, historic buildings",G,3.71
3323,19,2020-07-05,,"Biochemist, clinical",G,3.14
1852,32,2022-01-16,,Meteorologist,E,3.5
2298,21,2022-07-29,,Operations geologist,G,3.33
4319,6,2020-10-16,2022-02-03,"Engineer, technical sales",A,2.35
1266,17,2020-05-14,2022-09-16,Investment analyst,E,2.62
4998,26,2022-07-20,,Rural practice surveyor,A,2.1
2492,2,2022-03-08,,"Psychologist, sport and exercise",G,2.72
13,38,2024-02-02,,Chartered management accountant,A,2.39
177,6,2021-09-29,2024-12-16,Solicitor,E,3.34
366,34,2022-06-09,,Event organiser,G,2.58
1754,6,2022-11-18,,"Horticulturist, commercial",G,3.65
917,13,2021-11-17,2022-01-27,Recruitment consultant,A,3.49
2547,16,2022-03-03,,Proofreader,G,2.79
4916,16,2022-11-16,2023-07-16,"Surveyor, hydrographic",A,2.2
303,12,2020-07-27,2021-01-10,Agricultural engineer,A,2.54
1428,11,2020-12-10,2025-03-14,"Clinical scientist, histocompatibility and immunogenetics",E,2.52
2842,23,2023-11-24,,Hydrologist,G,2.45
2639,16,2022-03-09,,Aid worker,G,2.44
1538,18,2022-04-08,,"Conservator, furniture",G,2.34
4431,2,2022-04-03,,Database administrator,G,3.45
4321,28,2022-09-27,2024-07-11,Paediatric nurse,E,2.37
3897,24,2021-10-11,2022-12-17,Multimedia programmer,G,3.55
31,9,2020-09-11,2022-01-03,Museum/gallery curator,G,3.39
1532,34,2022-05-18,,Television production assistant,G,2.12
942,19,2023-09-20,2025-03-03,"Therapist, horticultural",G,2.91
2814,10,2023-08-13,,Theatre manager,A,2.08
4954,9,2023-04-27,2024-11-12,Software engineer,G,3.63
872,36,2023-12-03,2024-07-31,Toxicologist,E,3.02
4334,7,2024-02-09,2024-09-27,Prison officer,A,3.63
631,23,2021-11-13,2023-03-07,Armed forces training and education officer,A,2.48
2792,17,2024-01-25,,Warden/ranger,G,3.17
1080,8,2020-09-20,,Quality manager,E,2.25
306,30,2021-11-04,2024-03-13,"Teacher, adult education",E,2.8
1747,20,2021-04-29,2022-03-18,Garment/textile technologist,A,3.99
1876,3,2022-03-09,,Information officer,G,3.74
2945,29,2020-09-23,,"Engineer, energy",G,3.14
3776,34,2022-04-18,2024-12-13,"Teacher, primary school",E,2.15
358,17,2022-03-15,,Civil Service fast streamer,G,3.38
1508,6,2021-07-09,2022-01-24,Immunologist,G,3.32
4505,31,2022-02-25,2023-01-09,Youth worker,G,2.86
3001,14,2020-12-02,2022-11-05,"Engineer, drilling",A,2.54
1807,19,2020-11-14,2022-10-28,Geophysicist/field seismologist,G,3.86
1829,19,2023-12-17,,Location manager,A,2.89
4333,29,2021-09-25,,Television camera operator,G,3.01
1135,34,2022-03-25,2025-03-24,Publishing copy,E,2.16
1872,40,2023-07-30,2024-05-05,"Psychologist, educational",A,2.27
3863,37,2021-04-12,2021-05-02,Medical physicist,G,3.03
205,10,2021-05-01,2024-11-09,Primary school teacher,E,2.04
2864,19,2020-05-15,,"Nurse, mental health",A,2.5
2115,5,2022-01-20,,Product designer,A,3.84
4070,13,2023-02-28,2023-07-04,Field seismologist,E,2.5
894,4,2023-09-16,2024-10-21,Pension scheme manager,G,2.33
963,37,2023-12-14,2024-12-07,Furniture conservator/restorer,G,3.76
1848,38,2020-07-09,,Medical sales representative,E,3.55
471,25,2022-11-19,,Theatre manager,A,2.32
4878,18,2023-07-11,,"Engineer, structural",E,2.72
4470,40,2023-09-19,2023-10-13,Financial adviser,E,3.78
45,25,2021-09-03,2024-08-13,Passenger transport manager,G,3.2
1379,1,2022-10-03,,Manufacturing systems engineer,A,2.5
4184,38,2020-11-01,2024-07-21,"Teacher, primary school",E,3.75
1583,7,2023-06-06,2025-02-17,Energy engineer,E,2.35
1680,28,2023-08-15,2024-07-28,Energy manager,A,2.23
1349,26,2021-07-28,,Sales executive,A,3.02
4592,36,2020-04-22,2020-04-27,"Therapist, nutritional",G,2.65
2658,2,2022-05-11,,"Scientist, biomedical",E,2.92
2997,40,2021-09-17,2023-01-30,Food technologist,E,3.9
1042,7,2021-04-29,,Musician,G,2.56
2913,38,2023-06-16,,Television camera operator,A,2.4
2834,3,2021-11-25,2022-04-21,"Scientist, research (medical)",E,2.61
1163,27,2023-03-24,2023-10-15,Speech and language therapist,G,2.09
4167,14,2022-12-05,,"Development worker, international aid",A,3.18
3706,20,2020-08-07,2025-01-21,Politician's assistant,G,3.1
727,31,2021-01-16,,Charity fundraiser,A,2.79
2688,30,2023-08-08,,Drilling engineer,A,2.04
4985,13,2022-12-30,2025-03-25,Insurance broker,G,3.59
4899,30,2020-08-01,,"Conservator, museum/gallery",A,2.72
3241,22,2023-11-26,2024-07-10,Records manager,A,3.92
3366,33,2022-02-19,,Statistician,E,2.25
2208,34,2024-01-02,2025-01-06,"Psychologist, prison and probation services",E,2.4
713,13,2021-10-27,2025-01-16,Chemical engineer,G,3.36
4384,18,2021-11-02,2022-02-17,Agricultural consultant,A,3.84
4099,2,2020-09-14,2023-06-14,"Administrator, charities/voluntary organisations",A,2.32
2205,32,2022-11-29,2024-06-26,Counsellor,A,3.45
4,8,2020-10-09,2022-12-14,Mudlogger,A,3.33
3091,36,2020-12-31,,Neurosurgeon,E,3.52
1753,8,2021-07-07,,Biomedical engineer,G,3.13
1823,36,2024-04-12,,"Conservator, furniture",G,2.02
3064,27,2020-08-24,,Land,G,2.86
1429,30,2023-10-27,2024-07-02,Agricultural engineer,E,2.54
2444,21,2020-07-10,,Newspaper journalist,A,3.83
1062,30,2022-03-18,,Farm manager,G,3.7
956,31,2020-09-12,2024-04-23,Dramatherapist,G,2.01
4539,34,2022-06-27,,Sales promotion account executive,E,3.98
4964,10,2023-10-20,,Translator,E,2.01
3071,37,2022-10-06,2022-11-26,"Pilot, airline",A,2.35
3394,4,2022-08-15,2023-08-15,Merchant navy officer,A,3.03
2816,38,2021-06-01,2022-06-13,IT trainer,E,3.19
1282,35,2024-03-21,,Hotel manager,G,3.12
1323,7,2022-01-04,2024-12-04,IT trainer,A,2.31
2633,24,2023-09-14,2024-04-21,Neurosurgeon,G,2.41
4256,24,2022-04-14,,"Solicitor, Scotland",A,3.92
1224,5,2023-05-07,,"Psychologist, sport and exercise",E,3.42
4991,7,2020-07-20,2020-11-05,Press photographer,G,2.25
3649,31,2022-05-02,2024-07-17,Medical technical officer,G,2.49
3937,15,2022-07-05,,"Administrator, Civil Service",G,2.25
1688,35,2020-12-07,2022-03-17,Public affairs consultant,G,2.25
2752,8,2020-09-16,2023-03-10,TEFL teacher,A,2.02
3420,15,2022-04-24,,Stage manager,E,3.88
4201,21,2023-04-14,2024-04-30,Hospital pharmacist,A,3.67
3033,14,2023-02-05,,Multimedia programmer,G,2.22
2773,1,2020-08-13,2020-10-19,Insurance underwriter,E,2.87
2970,20,2020-12-17,2021-01-18,Ergonomist,G,3.29
2699,17,2022-11-19,2023-05-21,Medical laboratory scientific officer,E,3.06
3468,39,2021-09-24,2025-01-24,"Designer, industrial/product",G,3.28
4302,30,2023-10-13,2024-07-12,"Nurse, children's",E,2.65
2559,18,2022-11-24,,Psychotherapist,G,2.18
4282,39,2023-03-30,2025-01-12,Leisure centre manager,E,2.66
982,37,2024-01-19,2024-11-13,Trade mark attorney,A,3.63
192,14,2023-05-09,2024-10-08,Animator,E,3.0
1501,27,2023-11-27,2024-04-01,Civil Service fast streamer,E,2.22
3936,7,2022-11-04,,Aeronautical engineer,A,2.44
1275,40,2023-04-24,2023-12-20,Airline pilot,A,3.44
1134,12,2020-07-14,,Human resources officer,G,2.64
4199,7,2022-06-04,,Podiatrist,G,3.71
351,35,2023-06-26,,Haematologist,A,2.47
921,25,2024-01-17,2024-05-05,Fish farm manager,E,3.66
3707,3,2021-04-05,,"Exhibitions officer, museum/gallery",A,3.45
2378,33,2022-02-12,,Industrial buyer,G,2.77
1130,5,2021-10-16,2023-07-28,"Engineer, technical sales",G,2.37
2255,30,2023-11-19,,Futures trader,E,3.13
3110,6,2023-01-21,,Educational psychologist,G,2.5
3712,21,2023-01-14,2025-01-29,Forest/woodland manager,E,2.81
2581,39,2023-05-02,2023-10-05,Air broker,E,2.57
4009,26,2021-07-06,,"Radiographer, diagnostic",E,3.45
226,25,2020-08-22,,"Administrator, local government",G,3.07
196,31,2020-07-22,2021-04-07,Quantity surveyor,A,2.84
2556,26,2023-07-13,2023-08-21,Immigration officer,G,2.69
1916,13,2021-09-05,2022-11-28,Trade union research officer,E,2.5
3426,10,2021-11-01,2024-06-18,Chief Financial Officer,G,2.96
3951,35,2022-07-05,,Health physicist,E,3.5
165,1,2021-06-26,2021-10-27,Early years teacher,G,2.51
3662,25,2023-09-02,2024-05-22,Cabin crew,G,3.82
1309,13,2021-03-07,,Fitness centre manager,G,3.96
1076,36,2020-10-20,2022-05-02,"Accountant, chartered",A,3.32
3603,39,2022-05-28,2024-02-17,Claims inspector/assessor,A,2.27
1560,34,2023-08-03,2025-03-13,"Surveyor, insurance",E,2.92
42,22,2021-08-02,2022-09-12,Barrister,E,3.75
4971,3,2021-06-24,,"Surveyor, building control",A,3.76
1007,38,2020-12-04,,English as a foreign language teacher,E,3.61
16,25,2023-08-14,,"Designer, graphic",G,3.54
1937,13,2021-01-14,,Agricultural engineer,E,2.24
1499,30,2020-11-13,2022-03-19,"Psychologist, occupational",G,2.35
4511,34,2021-05-04,,"Therapist, drama",G,2.18
3326,19,2023-02-07,,Careers adviser,A,2.67
4549,37,2020-06-06,2020-12-08,Research scientist (medical),E,3.02
3066,7,2021-03-21,2023-07-25,"Civil engineer, contracting",G,2.07
1272,5,2020-12-16,,"Scientist, physiological",A,2.58
2346,35,2021-08-29,,Scientific laboratory technician,E,3.35
2073,28,2023-09-30,2024-05-10,Risk manager,A,3.98
2826,6,2022-03-21,2024-04-21,"Programmer, multimedia",G,2.65
2721,27,2020-07-07,,"Buyer, industrial",A,3.39
4447,33,2021-02-12,2022-07-12,Purchasing manager,A,2.18
3009,17,2022-09-16,,Geographical information systems officer,A,2.45
3983,9,2021-11-21,2024-07-21,Osteopath,A,3.09
1690,35,2021-12-04,,Games developer,G,2.94
3205,20,2021-02-25,,Tourist information centre manager,E,2.31
2970,35,2024-02-08,2024-09-11,"Engineer, biomedical",E,4.0
4477,34,2020-12-20,,Broadcast engineer,G,2.62
2978,36,2023-04-18,,Immigration officer,G,2.25
3587,28,2020-06-08,,Community education officer,A,3.3
4059,4,2022-03-13,,"Therapist, drama",G,3.47
2452,6,2022-02-11,2024-07-11,Art gallery manager,G,2.12
859,31,2023-10-22,2024-03-14,Learning mentor,E,3.69
3300,34,2022-08-30,2024-10-18,Automotive engineer,A,2.03
3958,13,2020-12-28,,Recycling officer,A,3.7
2860,20,2023-11-08,2024-06-25,Automotive engineer,G,3.36
3595,11,2023-11-20,,Financial planner,E,3.67
872,4,2023-03-07,2024-11-12,Marine scientist,G,2.48
4260,1,2021-12-31,,Manufacturing engineer,G,2.93
720,4,2023-07-07,,"Teacher, secondary school",A,2.22
1098,19,2020-09-11,,Public relations account executive,A,3.33
730,39,2024-01-09,,Chief Technology Officer,A,3.23
3015,15,2022-02-26,,Trading standards officer,A,3.49
2573,12,2020-08-24,2024-06-22,Audiological scientist,A,3.59
4346,5,2023-11-08,2024-01-14,"Doctor, general practice",G,3.24
1685,4,2023-01-16,,Television/film/video producer,G,3.3
2710,19,2020-11-28,2025-04-08,"Designer, television/film set",G,3.55
646,32,2023-03-21,,Public relations officer,G,2.49
3261,12,2021-06-10,,Facilities manager,G,3.69
2293,34,2022-12-09,,Product designer,A,3.38
4820,16,2022-06-16,2024-06-16,Barrister,G,2.65
3882,21,2022-01-01,,Medical sales representative,E,3.27
3374,14,2022-08-26,,"Engineer, water",G,2.89
1191,31,2022-12-01,2023-05-06,Clinical biochemist,G,2.18
183,3,2023-05-12,,Plant breeder/geneticist,G,3.7
1001,40,2023-11-10,2023-12-06,"Scientist, marine",A,2.77
897,4,2022-07-01,,"Solicitor, Scotland",G,3.93
4662,36,2021-10-05,2022-07-01,Television camera operator,E,3.29
383,33,2020-05-29,,Medical sales representative,A,2.78
355,26,2021-04-09,2021-06-04,Health and safety inspector,E,3.73
3623,33,2021-02-15,,Translator,E,3.48
4199,16,2021-06-11,,Local government officer,E,3.84
3796,16,2022-01-04,2024-06-04,Patent attorney,A,2.51
438,12,2023-02-28,,Jewellery designer,E,3.11
822,11,2020-12-11,2023-01-31,"Physicist, medical",G,3.53
2840,32,2023-09-07,2023-11-21,Public house manager,E,2.65
4290,12,2020-04-23,,Adult guidance worker,G,3.05
1742,1,2022-08-05,2023-12-20,Horticultural consultant,G,3.85
135,36,2021-03-04,,"Psychologist, counselling",G,2.64
2760,15,2021-01-19,2024-06-10,"Administrator, Civil Service",E,2.7
4770,11,2023-05-03,,Multimedia programmer,A,2.88
1646,15,2022-03-10,,Catering manager,A,3.07
4912,32,2024-01-21,2024-05-07,Musician,G,2.64
1906,24,2021-02-02,2023-09-21,Training and development officer,G,3.6
4054,23,2021-04-08,,Naval architect,E,2.07
2700,8,2023-02-11,,Textile designer,A,3.65
3223,36,2023-03-16,,Dentist,A,3.88
25,17,2023-12-04,2024-09-05,Data scientist,A,3.29
3376,29,2022-05-27,2022-09-15,Research scientist (physical sciences),E,3.14
1241,39,2020-11-21,,Ranger/warden,G,3.95
674,40,2021-02-17,,Site engineer,A,3.76
3383,13,2021-05-12,2024-06-06,"Scientist, research (medical)",E,2.32
1320,22,2023-03-13,2024-05-22,Dentist,E,2.3
705,29,2020-10-08,,Child psychotherapist,A,2.88
3509,32,2024-01-14,2024-04-30,Warden/ranger,G,2.51
761,25,2023-07-18,,Phytotherapist,A,3.84
631,15,2020-07-08,2023-07-18,Medical technical officer,E,3.29
194,40,2020-04-21,2021-12-03,Restaurant manager,G,2.67
3575,4,2021-12-16,2024-12-14,IT trainer,E,3.71
3218,15,2023-05-08,,Paediatric nurse,E,3.83
1108,35,2021-10-13,2022-01-11,Aid worker,A,3.69
3594,15,2024-03-31,,Landscape architect,G,2.03
577,24,2021-11-18,2022-07-11,Glass blower/designer,A,3.86
143,36,2023-10-01,,Data scientist,A,3.96
3444,18,2022-07-29,2023-04-02,Adult nurse,E,3.69
3711,35,2022-10-22,,Health promotion specialist,E,2.94
1150,7,2021-10-19,2023-08-01,Jewellery designer,A,2.04
1030,17,2024-02-03,,Diplomatic Services operational officer,G,2.98
2822,5,2020-08-31,2022-03-12,"Therapist, music",E,3.24
4793,17,2023-10-02,,Public affairs consultant,A,3.38
3698,14,2021-05-02,2024-11-18,"Conservation officer, historic buildings",A,3.08
4490,3,2021-03-04,,Best boy,A,2.55
3523,32,2022-11-21,2023-08-26,Careers information officer,G,3.82
4385,8,2021-12-26,2023-08-02,Seismic interpreter,A,3.2
210,17,2021-11-19,,Patent attorney,A,2.81
346,29,2021-01-18,2021-07-01,Minerals surveyor,E,3.08
4047,18,2024-03-08,,Merchant navy officer,G,2.9
350,26,2020-10-11,,"Buyer, retail",E,2.88
2911,36,2020-08-24,,Personal assistant,G,2.62
2223,13,2023-12-21,,Health visitor,E,3.55
705,25,2023-02-24,,Magazine journalist,G,2.17
3045,4,2024-04-09,,Production manager,G,2.71
2117,25,2023-01-22,2023-03-24,"Surveyor, minerals",G,2.78
105,32,2022-05-20,2022-11-20,IT consultant,G,2.14
3158,6,2023-02-10,,Clinical psychologist,G,3.42
2253,32,2022-10-08,,"Pharmacist, community",A,2.45
515,40,2024-04-05,2024-08-26,"Editor, magazine features",A,3.08
2996,1,2021-10-16,2023-07-24,Adult guidance worker,E,3.41
3460,35,2020-05-30,,"Therapist, occupational",G,3.58
2066,15,2023-11-02,2023-12-01,Claims inspector/assessor,G,2.91
3327,33,2023-10-27,2024-03-25,Dispensing optician,E,3.01
3763,31,2021-12-10,2023-05-12,Energy engineer,A,2.66
4144,24,2023-07-14,2023-11-17,Health service manager,G,3.37
535,21,2022-12-31,2023-08-03,Marine scientist,E,3.34
2945,18,2020-04-21,2022-07-05,Printmaker,E,3.88
404,19,2021-08-05,,"Runner, broadcasting/film/video",G,3.63
2823,4,2021-08-12,,"Production assistant, radio",E,2.31
1540,16,2023-11-15,,Paediatric nurse,A,2.84
3118,37,2023-05-03,2024-04-21,Insurance risk surveyor,A,3.14
2229,21,2022-11-04,,"Surveyor, minerals",E,2.9
3042,12,2021-07-16,,Radiation protection practitioner,A,3.05
520,20,2020-06-05,2022-10-18,Games developer,A,3.36
4366,27,2021-06-04,,"Engineer, chemical",E,2.15
4844,11,2020-06-16,2023-05-26,"Surveyor, insurance",E,3.79
1742,24,2020-05-24,2022-03-22,Engineering geologist,G,3.49
1169,39,2023-12-18,2024-10-19,"Designer, industrial/product",E,3.15
2001,29,2022-04-08,2022-09-21,"Surveyor, hydrographic",G,2.74
1626,3,2020-08-18,,"Surveyor, planning and development",E,3.38
4151,11,2022-01-02,2024-02-06,Location manager,A,3.19
3811,39,2021-03-09,,Race relations officer,A,3.69
2724,4,2021-09-05,,Investment analyst,A,2.75
343,24,2021-07-20,,Gaffer,E,3.32
1404,37,2022-05-22,2022-08-12,Statistician,E,3.65
474,25,2020-11-09,2022-04-27,Broadcast journalist,A,3.52
3103,7,2023-03-11,,Landscape architect,G,2.99
4435,40,2021-01-19,,Materials engineer,E,3.7
3639,26,2022-11-19,2024-12-12,"Pilot, airline",G,3.7
4726,11,2021-08-05,2024-12-13,Risk analyst,G,3.42
4336,25,2020-12-12,,Database administrator,A,2.89
1620,8,2022-04-21,,Structural engineer,G,2.51
2818,30,2022-09-17,2023-09-06,"Programmer, systems",A,3.86
44,12,2022-06-25,2023-05-05,Recruitment consultant,G,2.22
4646,30,2020-05-07,,"Exhibitions officer, museum/gallery",A,2.65
2517,40,2023-04-22,2025-01-03,"Optician, dispensing",A,2.97
3067,25,2020-12-13,2021-12-19,Prison officer,G,3.35
1918,37,2021-10-25,2022-05-29,"Production assistant, television",E,3.19
1597,11,2022-05-02,2024-06-24,Ophthalmologist,G,2.27
4376,1,2023-12-19,,Software engineer,G,2.69
841,5,2020-12-24,,"Engineer, civil (contracting)",E,3.42
1691,7,2022-06-07,2022-10-12,Production manager,G,2.88
376,6,2021-08-21,,"Surveyor, minerals",E,2.59
1623,5,2024-01-03,,Equality and diversity officer,A,2.39
3145,26,2021-06-15,,Quantity surveyor,A,2.47
1901,9,2023-08-11,,Estate manager/land agent,G,3.51
3189,35,2024-03-01,,Chartered legal executive (England and Wales),G,3.15
1927,14,2023-02-17,2023-12-21,Corporate investment banker,G,3.69
2633,10,2020-08-16,2022-07-24,"Scientist, audiological",A,2.18
4595,3,2022-09-28,2023-11-22,Special effects artist,G,3.36
4846,33,2021-11-01,2024-04-05,"Surveyor, mining",E,2.36
4643,28,2021-09-26,,Advertising account executive,G,3.31
4977,35,2023-02-06,2024-11-06,Charity fundraiser,A,3.91
4964,6,2023-08-11,,Neurosurgeon,E,2.07
3933,13,2023-10-19,2024-06-25,Paramedic,E,2.96
3483,10,2020-12-17,2021-02-12,"Designer, industrial/product",E,2.45
4819,8,2021-06-26,,Press sub,G,2.43
2997,21,2023-11-23,,Dance movement psychotherapist,E,2.43
2796,1,2022-03-28,,Occupational therapist,E,2.88
776,15,2022-10-10,2023-03-04,Solicitor,A,2.08
4594,5,2024-03-24,,Theatre stage manager,E,2.43
1169,7,2020-07-30,,Curator,A,3.33
4772,11,2021-01-08,2022-11-27,Water quality scientist,A,3.39
2708,1,2021-04-10,2021-12-27,"Clinical scientist, histocompatibility and immunogenetics",G,2.04
4864,6,2021-07-26,2025-04-11,Archivist,E,3.01
4962,31,2020-09-02,2021-12-19,Chief Operating Officer,E,3.07
785,38,2021-04-22,2021-07-20,Public affairs consultant,E,3.7
4993,1,2024-03-05,,"Designer, furniture",E,3.18
2288,16,2022-09-26,2024-02-11,Animator,E,3.85
757,24,2022-02-21,,Scientific laboratory technician,A,3.12
4363,32,2023-05-18,,"Administrator, charities/voluntary organisations",G,3.32
2444,31,2021-09-09,,Community education officer,A,3.29
1880,28,2023-09-23,,Museum education officer,G,2.81
4364,25,2023-02-19,,Mudlogger,A,3.98
3279,27,2020-06-21,,Sub,A,3.68
3260,24,2024-02-20,2024-08-19,Insurance broker,E,3.84
816,4,2023-02-18,,Advertising account executive,A,3.84
4848,2,2023-06-25,2024-09-01,Primary school teacher,G,2.56
1186,7,2022-09-13,2024-04-06,Dietitian,G,3.51
483,38,2022-11-24,,"Engineer, manufacturing",G,3.41
2540,38,2021-05-17,2023-03-15,"Pharmacist, community",A,3.17
3509,34,2022-02-27,2024-02-19,Animator,G,2.5
2108,34,2021-12-21,,Field trials officer,G,3.11
1395,39,2020-07-25,,"Scientist, research (maths)",E,3.81
4449,9,2023-03-22,,"Runner, broadcasting/film/video",G,3.72
3498,16,2020-09-01,2022-05-02,IT technical support officer,E,2.01
2259,24,2024-02-14,,Medical secretary,E,3.84
970,23,2020-09-28,,Retail merchandiser,A,2.43
2028,1,2021-10-17,2025-01-07,Set designer,G,2.61
2699,22,2020-06-29,2023-03-28,Television floor manager,A,3.63
3494,38,2020-04-25,,Broadcast presenter,G,2.67
4534,5,2024-03-01,2025-04-09,Location manager,A,2.67
818,34,2022-10-23,,Analytical chemist,E,2.53
2116,17,2023-10-20,2024-06-30,Special educational needs teacher,E,2.19
4084,9,2023-02-01,,Clinical cytogeneticist,E,2.57
2212,26,2022-07-22,2024-07-05,Farm manager,G,3.81
2931,5,2022-06-03,2022-11-01,"Designer, blown glass/stained glass",E,3.74
695,4,2022-01-28,,Patent attorney,A,2.33
2156,24,2022-08-26,2023-04-11,Musician,A,2.19
2065,36,2021-05-23,2024-07-16,Passenger transport manager,A,2.06
4903,28,2023-11-10,,"Surveyor, insurance",E,2.66
3385,2,2021-10-17,,IT trainer,E,2.36
4844,39,2023-11-07,,Applications developer,A,3.88
2833,6,2020-10-03,,Systems developer,E,3.44
1519,34,2023-09-14,2023-10-24,Sports therapist,G,3.6
2707,38,2020-09-05,,"Engineer, chemical",E,3.29
1224,35,2023-12-22,2024-01-02,Accommodation manager,E,2.11
2456,18,2022-08-03,2023-11-14,Forest/woodland manager,E,2.42
1738,22,2023-12-28,2024-07-28,Tax adviser,E,2.05
1466,20,2022-07-15,2023-02-16,Television/film/video producer,G,2.55
3150,39,2020-10-06,2024-01-31,"Surveyor, building",G,2.87
4930,23,2022-05-07,2024-10-23,Graphic designer,G,2.89
4167,16,2020-08-03,2023-06-14,"Conservator, furniture",A,3.14
2915,39,2020-07-31,2022-08-10,Personnel officer,A,3.83
176,10,2021-08-07,2022-05-20,Proofreader,A,2.73
4436,14,2023-01-21,2024-09-17,Toxicologist,A,2.32
1400,28,2020-05-10,2024-01-11,Chief Operating Officer,G,3.52
2110,27,2023-12-01,,Community development worker,A,2.44
990,39,2020-07-06,,Environmental consultant,G,2.77
3572,12,2020-07-25,2024-07-30,Sales executive,A,3.52
702,25,2023-05-24,,Mining engineer,E,2.39
3439,18,2020-11-23,2022-05-06,"Education officer, community",G,3.21
1371,21,2020-05-26,,Ceramics designer,G,3.99
3724,36,2023-03-04,,Passenger transport manager,G,2.72
2437,5,2023-02-17,,Theme park manager,G,2.4
1666,12,2020-11-04,,"Lecturer, higher education",G,3.57
3905,1,2020-06-20,,Patent attorney,G,3.98
1518,38,2023-01-27,,"Designer, fashion/clothing",A,3.79
4781,10,2023-01-28,2023-02-25,Futures trader,A,2.23
149,3,2023-01-04,2023-05-26,Retail merchandiser,E,2.21
3414,29,2024-01-27,2024-04-08,Solicitor,G,2.61
3227,7,2020-08-28,,Research scientist (life sciences),E,2.12
2365,30,2023-05-07,2024-09-27,"Geologist, wellsite",A,3.19
187,26,2022-11-08,2024-03-25,Metallurgist,A,3.63
947,39,2023-01-23,2024-12-31,Toxicologist,E,2.99
1669,39,2022-12-15,2024-09-21,"Scientist, research (life sciences)",E,2.1
2653,23,2023-03-09,,Health visitor,E,3.68
19,30,2022-11-05,,"Engineer, maintenance (IT)",A,3.38
274,16,2021-08-19,2022-11-26,"Producer, radio",G,2.94
4030,25,2021-02-01,2022-07-29,Legal secretary,E,2.21
3727,12,2022-06-27,2022-12-28,"Teacher, primary school",E,2.59
2548,29,2020-05-23,2024-02-28,Print production planner,E,2.4
2736,8,2021-04-10,2024-01-21,"Editor, commissioning",A,3.58
282,11,2021-10-21,2023-07-24,Dramatherapist,A,3.75
2371,22,2022-07-18,,Hydrologist,A,2.26
4747,11,2023-10-07,,"Engineer, water",G,2.81
4383,9,2023-09-26,,Illustrator,A,3.22
3586,21,2023-05-11,2023-10-04,Chief Strategy Officer,A,3.62
909,36,2020-12-14,2023-04-20,"Research officer, trade union",A,3.71
3049,37,2020-12-03,,Facilities manager,E,3.76
4324,21,2022-04-23,,"Copywriter, advertising",G,2.66
3786,26,2023-11-09,,Manufacturing systems engineer,A,3.16
428,8,2023-06-09,2023-06-11,Event organiser,G,2.13
3849,34,2021-12-05,2023-04-14,Passenger transport manager,E,2.72
1032,39,2022-03-06,,"Designer, industrial/product",E,2.4
1306,30,2020-05-11,2024-06-21,"Presenter, broadcasting",E,2.86
4086,7,2023-02-10,2025-03-17,Pension scheme manager,G,3.46
4788,16,2020-08-06,2022-03-24,Financial trader,G,3.05
1790,26,2020-10-16,2022-02-16,Television floor manager,A,3.32
3706,10,2022-08-17,2024-01-07,"Embryologist, clinical",E,3.22
3543,7,2023-03-10,,Dancer,G,3.83
975,28,2021-05-28,,Herpetologist,G,2.78
4386,38,2022-02-01,,"Engineer, water",E,2.54
3146,7,2023-01-23,,Medical laboratory scientific officer,A,3.72
4364,31,2021-11-11,2023-12-12,"Surveyor, mining",E,2.66
3254,2,2021-07-24,2021-08-19,"Therapist, art",A,2.98
4268,1,2022-07-25,2024-06-01,Curator,E,3.71
2333,29,2021-09-20,,"Nurse, mental health",G,2.91
3629,35,2023-03-26,2025-01-03,Museum/gallery curator,G,3.12
3841,4,2024-03-08,,Music tutor,E,2.97
4431,28,2022-08-01,2024-10-27,Film/video editor,G,2.46
4348,37,2022-11-14,,Community development worker,G,3.22
3536,29,2020-06-04,2020-09-24,"Exhibitions officer, museum/gallery",A,2.18
59,32,2023-08-23,,"Scientist, biomedical",G,3.43
4478,9,2024-03-22,,"Editor, magazine features",A,3.08
4152,11,2023-01-29,,Learning mentor,E,3.76
3261,1,2020-10-09,2022-10-14,Database administrator,E,2.74
1953,11,2022-01-23,2022-09-26,Lawyer,E,2.99
1270,12,2022-11-22,2024-04-15,Curator,G,3.42
